IPID,TTL,SRCIP,DSTIP,SPORT,DPORT,TSEQ,WINDS
64754,51,1566846640,3390658035,50129,2323,3390658035,54857
61036,54,3180931567,3390657840,9137,2323,3390657840,61677
28507,52,247187674,3390656944,50087,2323,3390656944,18556
12132,52,3554778092,3390657424,47374,2323,3390657424,55290
50552,48,3373147653,3390658080,2015,2323,3390658080,6093
36203,54,3151376320,3390658015,13612,2323,3390658015,40959
11483,49,3201786350,3390657528,59206,2323,3390657528,554
60324,48,3142233415,3390657689,3232,2323,3390657689,41020
13929,50,414921676,3390656873,40779,2323,3390656873,43387
24029,53,3553183026,3390658065,34088,2323,3390658065,40496
106,53,1873765104,3390657730,38678,2323,3390657730,32739
33792,49,3005291966,3390657767,55502,2323,3390657767,51934
34655,45,1447820922,3390658140,14687,2323,3390658140,18223
23319,51,1953377882,3390658452,4411,2323,3390658452,49034
4935,51,3125777974,3390656836,8831,2323,3390656836,12909
34151,48,2794142652,3390656751,14007,2323,3390656751,10306
29583,48,1546815918,3390656926,48432,2323,3390656926,39251
54699,52,3125794653,3390657757,47534,2323,3390657757,43452
10328,51,1952953429,3390657469,49064,2323,3390657469,15047
24952,51,3193236333,3390657468,61639,2323,3390657468,16652
44903,51,3731065595,3390658529,18289,2323,3390658529,14593
18854,49,704490601,3390656735,18422,2323,3390656735,22500
15275,45,97016861,3390658096,15813,2323,3390658096,11735
12461,46,2975918052,3390658170,22404,2323,3390658170,17812
29825,50,245514517,3390657832,37898,2323,3390657832,8766
2375,52,3072118400,3390658555,34003,2323,3390658555,1801
31786,55,3036565599,3390657497,57268,2323,3390657497,63479
15357,50,2064651289,3390658087,42440,2323,3390658087,49312
56419,53,1867128600,3390656985,55678,2323,3390656985,49766
22888,53,246460100,3390656628,55693,2323,3390656628,22921
16135,51,3134123478,3390656905,25610,2323,3390656905,33778
17724,46,3387409985,3390657678,35563,2323,3390657678,23392
26630,46,2561396237,3390658208,45854,2323,3390658208,40502
29525,56,3680290265,3390656739,59032,2323,3390656739,63114
30894,52,1446631681,3390658136,8235,2323,3390658136,12859
50572,50,1450987515,3390657773,29490,2323,3390657773,34522
50979,51,3199917451,3390657696,48355,2323,3390657696,4955
11752,51,2883589556,3390657342,14943,2323,3390657342,10441
56873,47,3135863502,3390657701,31643,2323,3390657701,52655
60418,52,2103238077,3390656604,47049,2323,3390656604,54770
20817,48,3384290013,3390656778,28757,2323,3390656778,20333
34909,51,3018581343,3390657386,51936,2323,3390657386,64720
31786,55,3036565599,3390657497,57268,2323,3390657497,63479
54754,56,609462826,3390658167,24695,2323,3390658167,29287
1495,49,3377681994,3390657015,21941,2323,3390657015,25477
20210,53,609761746,3390658115,60883,2323,3390658115,65475
54119,46,3065988364,3390658427,1248,2323,3390658427,63421
24660,49,1494817734,3390658539,57315,2323,3390658539,59859
52707,48,1608335838,3390656904,10542,2323,3390656904,14652
8409,52,458058110,3390656990,57697,2323,3390656990,9542
13020,51,1380803640,3390658036,39252,2323,3390658036,44900
7472,48,784623074,3390657850,18437,2323,3390657850,36860
21111,51,244617138,3390658533,23027,2323,3390658533,38345
64694,48,1136356401,3390656794,11325,2323,3390656794,34542
22372,49,1445148868,3390656901,39407,2323,3390656901,5916
2187,51,3260599653,3390656595,41801,2323,3390656595,61522
42968,43,3199633118,3390658138,47196,2323,3390658138,36460
60882,49,3695562921,3390658258,4611,2323,3390658258,19
36158,56,609198786,3390656981,10379,2323,3390656981,1443
31786,55,3036565599,3390657497,57268,2323,3390657497,63479
42129,46,2875563382,3390656537,51710,2323,3390656537,25389
59239,51,3198941830,3390656793,24780,2323,3390656793,7868
43591,47,2996824166,3390657937,19513,2323,3390657937,24105
63797,52,1375218071,3390657402,2679,2323,3390657402,48393
23619,50,1330457971,3390657896,22891,2323,3390657896,1320
25126,52,455720651,3390657533,5185,2323,3390657533,24280
43949,55,2036451546,3390658000,59257,2323,3390658000,36636
36203,54,3151376320,3390658015,13612,2323,3390658015,40959
36203,54,3151376320,3390658015,13612,2323,3390658015,40959
2187,51,3260599653,3390656595,41801,2323,3390656595,61522
43486,46,3200222986,3390657862,43915,2323,3390657862,15191
39233,53,3751697207,3390656920,50225,2323,3390656920,61953
57293,50,2064673925,3390656979,21423,2323,3390656979,46661
20670,50,624251294,3390658549,8773,2323,3390658549,7410
43046,51,1907279586,3390657481,49418,2323,3390657481,41225
20776,52,1934265037,3390658543,36515,2323,3390658543,33054
22070,52,3173196397,3390658203,4922,2323,3390658203,298
11838,54,3186707706,3390658473,59734,2323,3390658473,17712
2126,50,1310370486,3390656736,35440,2323,3390656736,10076
3935,53,1962716536,3390658508,20025,2323,3390658508,12361
20702,53,988999742,3390658359,21446,2323,3390658359,792
45992,51,712030916,3390657940,37250,2323,3390657940,5753
552,50,1976994269,3390658253,8150,2323,3390658253,12256
22609,44,1293791109,3390658282,2835,2323,3390658282,28465
28566,49,3372524581,3390657515,11104,2323,3390657515,20043
52090,51,1963148398,3390657486,22575,2323,3390657486,16339
12764,49,3140005725,3390657698,64970,2323,3390657698,26326
49818,53,989031500,3390658141,54430,2323,3390658141,51949
11240,52,1906397406,3390656919,25571,2323,3390656919,52497
21111,51,244617138,3390658533,42589,2323,3390658533,38345
7836,49,1503251959,3390658467,33940,2323,3390658467,38532
31786,55,3036565599,3390657497,57268,2323,3390657497,63479
25644,44,3065994299,3390656719,28426,2323,3390656719,8703
22846,51,247032014,3390658330,26728,2323,3390658330,40320
60882,49,3695562921,3390658258,4611,2323,3390658258,19
29353,51,1891216079,3390658352,42154,2323,3390658352,35202
17377,46,2977801276,3390656927,16633,2323,3390656927,792
63357,52,2062722031,3390657313,49173,2323,3390657313,50848
50386,46,46137733,3390657416,4659,2323,3390657416,46537
43042,50,1394253287,3390658233,8991,2323,3390658233,32964
24337,53,2943805751,3390657723,3648,2323,561780816,5840
18608,51,1566846640,3390658035,3847,2323,1065628359,5840
8866,52,3554778092,3390657424,46513,2323,871684665,14600
17937,54,3151376320,3390658015,42468,2323,897657516,14600
38518,49,3201786350,3390657528,41574,2323,1396550300,14600
19617,53,1873765104,3390657730,37425,2323,1955163985,5704
55518,51,1953377882,3390658452,48599,2323,488681041,14600
64991,48,3373147653,3390658080,3762,2323,1995249370,5808
57309,51,3125777974,3390656836,59652,2323,2553829531,5760
19782,48,2794142652,3390656751,33760,2323,1915701199,14600
22090,50,414921676,3390656873,32922,2323,1154990863,4380
20749,52,3125794653,3390657757,42988,2323,1083290325,5808
387,49,704490601,3390656735,60344,2323,671907732,5440
60225,49,245514517,3390657832,45077,2323,1148433385,14600
49247,53,246460100,3390656628,39879,2323,3850717486,14600
40866,46,2561396237,3390658208,4283,2323,3911191133,5840
57182,56,3680290265,3390656739,34775,2323,2099613880,5808
39524,50,1450987515,3390657773,58007,2323,1932653448,14600
32921,51,2883589556,3390657342,50182,2323,720805833,14600
42166,46,3387409985,3390657678,52445,2323,2793925668,14600
12765,52,1446631681,3390658136,48771,2323,1649480563,5808
52408,48,1608335838,3390656904,43819,2323,2747942089,5808
23508,51,1380803640,3390658036,3663,2323,1619240341,5808
305,48,1136356401,3390656794,50389,2323,1767312501,14600
65388,49,1445148868,3390656901,47081,2323,1975730286,5840
17035,49,3695562921,3390658258,41314,2323,2830833469,5840
55565,46,3065988364,3390658427,57749,2323,2599121086,14600
12601,48,784623074,3390657850,37373,2323,757552557,4380
7436,51,3198941830,3390656793,60720,2323,3099879032,4380
14352,52,1375218071,3390657402,35238,2323,4037351915,14600
50236,47,2996824166,3390657937,36448,2323,3407477695,5840
17305,54,3151376320,3390658015,42556,2323,1010316978,14600
40848,54,3151376320,3390658015,42560,2323,583395847,14600
1815,49,2064673925,3390656979,39439,2323,470423973,14600
25796,50,624251294,3390658549,50405,2323,920140402,5840
20721,51,1907279586,3390657481,60313,2323,2960196680,14600
3617,52,1934265037,3390658543,49711,2323,1508117658,14600
38168,54,3186707706,3390658473,46163,2323,667662629,14600
54730,52,712030916,3390657940,53883,2323,979801139,14600
30366,44,1293791109,3390658282,50619,2323,2097734637,14600
20841,53,989031500,3390658141,41943,2323,2835970698,14600
10807,49,3140005725,3390657698,53669,2323,2087870655,14600
57903,51,244617138,3390658533,33523,2323,3796360872,14600
53175,49,1503251959,3390658467,46284,2323,3936978747,5840
49516,49,3695562921,3390658258,60423,2323,3072236215,5840
24620,51,1891216079,3390658352,48304,2323,4004034537,5840
54833,44,3065994299,3390656719,58257,2323,3682544796,14600
25924,46,46137733,3390657416,59876,2323,3825153322,14000
12071,51,1953381019,3390656564,46758,2323,385607357,14600
19231,52,3554186483,3390658248,38193,2323,3209288133,14600
34160,49,1598899262,3390656579,48560,2323,28157108,14600
17293,52,712488708,3390657920,34425,2323,1821932491,14600
18933,49,3695562921,3390658258,37527,2323,3147502698,5840
55966,49,245514517,3390657832,45170,2323,4100898762,14600
15734,50,1394253287,3390658233,36216,2323,2667879455,14600
5675,52,3699716840,3390656845,47266,2323,378211607,14520
46892,49,1245307767,3390658047,37265,2323,3520266248,4380
6072,47,1600062128,3390657852,45111,2323,3938300809,14600
30800,50,3155821147,3390657856,56198,2323,3681261556,14600
60131,53,1947209531,3390658101,56021,2323,465745125,5440
3600,49,3695562921,3390658258,41417,2323,3195556094,5840
36826,49,531883354,3390658470,55881,2323,1639265381,14600
59462,52,3690635846,3390657938,41264,2323,1711686750,5840
22046,50,245514517,3390657832,45191,2323,2388210107,14600
34370,49,1835425614,3390658458,38665,2323,968130448,14600
20257,50,624251294,3390658549,50540,2323,1236459984,5840
24523,50,245514517,3390657832,45196,2323,2310092827,14600
24179,52,3564097880,3390658192,49984,2323,1657475783,4380
27798,49,245514517,3390657832,45201,2323,2918452073,14600
29509,51,1907279586,3390657481,33356,2323,1119759883,14600
46332,53,246007660,3390658182,48234,2323,2181871603,14520
65336,53,2874919721,3390658033,54339,2323,2522364441,5440
54989,49,1908318177,3390656873,35859,2323,1809983843,14600
53075,53,93147779,3390658087,52750,2323,2717057813,14520
33336,48,996344960,3390658367,53564,2323,2317152305,4380
20258,50,624251294,3390658549,50540,2323,1236459984,5840
47621,48,3037628588,3390658549,42332,2323,2756550275,14600
41248,52,457208681,3390657883,40424,2323,1637500426,14600
27144,51,3376311835,3390658090,50806,2323,1960238198,14600
59195,49,3695562921,3390658258,52325,2323,3328935251,5840
57519,54,93233537,3390656697,35191,2323,2176228834,14600
64337,52,1984263968,3390657696,33761,2323,2761835798,14600
18245,49,1334782738,3390658215,47654,2323,2753265312,5808
35705,49,3695562921,3390658258,56230,2323,3385583820,5840
51801,49,3006883669,3390657837,39275,2323,1631873497,14600
41789,52,1952727820,3390658551,44989,2323,3364174164,14600
35840,49,3695562921,3390658258,59676,2323,3436964054,5840
31188,47,1492841399,3390657684,54125,2323,2035317266,14600
19584,53,2100068433,3390657840,4069,2323,3624585000,5808
51370,49,3695562921,3390658258,33783,2323,3462245646,5840
4913,46,3220797007,3390656547,35515,2323,3831096188,14600
51459,54,247439385,3390657306,57147,2323,1417315505,14600
44391,50,624251294,3390658549,50666,2323,1466123733,5840
41299,51,1028037283,3390657368,43789,2323,2876407396,4380
18218,49,245514517,3390657832,45273,2323,793979568,14600
19910,54,3146506652,3390658237,41135,2323,3337617257,14600
13482,49,3695562921,3390658258,35942,2323,3493679844,5840
60898,51,991370961,3390658407,50904,2323,2888212823,14600
16420,52,1939448702,3390658541,40054,2323,467597992,5840
62569,52,2064941661,3390656586,53333,2323,3301147139,14600
57979,53,2074717253,3390656670,43286,2323,2427059382,5808
8872,54,2036379271,3390657326,35272,2323,3632173454,5840
44653,51,244617138,3390658533,33878,2323,197388575,14600
44392,50,624251294,3390658549,50666,2323,1466123733,5840
53794,48,2794340051,3390658177,36802,2323,1969980463,14600
11889,44,1492727418,3390658203,56311,2323,835142459,14600
38332,51,2499770426,3390658225,41636,2323,3847704423,5840
47752,56,1294120338,3390658244,35869,2323,4061939752,5808
60166,49,3204036205,3390657742,58012,2323,2699268432,14600
14401,52,243127836,3390657818,55886,2323,2428451693,14600
60099,49,453156416,3390658522,41059,2323,2645030913,14600
28362,53,246460100,3390656628,40414,2323,284348331,14600
63236,53,1907881829,3390657994,49456,2323,963011113,14600
13458,53,1968649109,3390658177,40874,2323,3503096013,5040
36410,51,1943279535,3390657975,58171,2323,565575872,14600
13260,50,3155821147,3390657856,57340,2323,2495336367,14600
23263,52,2004467316,3390657473,4361,2323,2648549816,14600
33171,55,1989107222,3390658224,35006,2323,1963296936,5840
40850,44,1293791109,3390658282,50690,2323,347027881,14600
1098,52,1900631785,3390656688,53638,2323,3538452557,14600
29460,52,1900631785,3390656688,53639,2323,3664770847,14600
16493,49,3695562921,3390658258,52466,2323,3712035747,5840
20786,52,1900631785,3390656688,53636,2323,3871003952,14600
56722,49,3695562921,3390658258,53042,2323,3724259735,5840
23462,53,1907881829,3390657994,49473,2323,2486094973,14600
52987,46,2959950858,3390656777,41633,2323,1221686337,14600
26514,52,20242797,3390658128,33492,2323,3784135644,14600
3225,52,1953302659,3390658233,50437,2323,3281546693,14600
40891,49,2064673925,3390656979,39533,2323,3527584907,14600
94,53,1996234117,3390657772,58781,2323,3899535018,5440
34691,53,2065163399,3390656882,58251,2323,1263192083,14600
13789,49,245514517,3390657832,45362,2323,2486648914,14600
32062,49,1549164182,3390657412,43037,2323,679639012,14600
24188,47,1370987788,3390658529,52591,2323,1969509446,14600
60842,39,1441408185,3390657312,39058,2323,2397494255,14600
18997,45,3393651742,3390657847,49071,2323,2805959695,4380
33929,53,1914839188,3390658192,37534,2323,4158649731,14520
2178,50,246530977,3390658032,42260,2323,1948110145,14600
15527,53,1757274962,3390658172,36441,2323,2725492226,14600
28328,46,3172770361,3390658187,60744,2323,1970794232,14600
47533,52,1028828575,3390657953,58748,2323,560570738,14600
51298,55,609414689,3390656578,52699,2323,3347581818,14600
61467,49,3695562921,3390658258,42247,2323,3942023634,5840
7518,52,3729720140,3390658132,50439,2323,2389762484,14600
63340,54,3151376320,3390658015,42908,2323,245720837,14600
6851,47,2536746475,3390657356,51076,2323,1439555227,5808
6054,51,1953077476,3390658020,39767,2323,1340407690,14600
28329,46,3172770361,3390658187,60744,2323,1970794232,14600
52155,52,998158769,3390658417,55831,2323,1926590997,14520
53446,53,3083882713,3390658011,56752,2323,3209914355,5808
18885,49,1835816899,3390657940,34882,2323,876495931,14600
43864,50,1604552251,3390658191,57481,2323,301831116,14600
14721,53,1857365355,3390656619,47607,2323,218510686,5808
57920,52,458061674,3390656885,51627,2323,2263536334,14600
417,51,237295327,3390657288,59164,2323,3568772088,4380
33436,53,840622600,3390657836,4698,2323,693021315,5840
47815,51,1963163993,3390658050,58822,2323,1975066610,14600
59881,53,1907881829,3390657994,49570,2323,989743408,14600
45822,52,1934266666,3390656686,54157,2323,3268786334,14600
41693,49,245514517,3390657832,45437,2323,2983190043,14600
42099,51,832507498,3390656649,57023,2323,3838686870,14600
19035,50,245499614,3390657535,53227,2323,263688971,14600
33437,53,840622600,3390657836,4698,2323,693021315,5840
20436,50,2793568262,3390657368,36580,2323,242898167,14600
42094,47,1029320204,3390658499,48931,2323,1249747025,14600
23149,51,1963333041,3390657887,35371,2323,1567683788,14600
23826,48,3044572645,3390656719,60579,2323,1403746816,14600
43477,51,2499770426,3390658225,41784,2323,117326114,5840
49511,56,622329778,3390658158,53088,2323,1656078724,5808
38584,49,1976868497,3390658499,53053,2323,3198847049,5840
37520,52,245432361,3390657307,38349,2323,1528045022,14600
40884,49,3695562921,3390658258,58978,2323,4167035107,5840
806,48,3192612965,3390658146,49271,2323,4043133046,14600
43843,49,3695562921,3390658258,59215,2323,4168342570,5840
1589,51,2978991447,3390658523,46892,2323,1536604767,14600
5457,49,1549164182,3390657412,43146,2323,2551185714,14600
37425,53,2738212850,3390657750,46686,2323,497965345,4380
2007,52,1947871684,3390657723,47297,2323,3126308102,14600
24180,54,2058432255,3390657766,50518,2323,4249004735,5440
53353,43,1542077765,3390656848,34606,2323,3729505671,14600
19063,52,246409644,3390658454,51943,2323,3177923942,14600
56657,55,1009869258,3390656944,40540,2323,254307983,14600
10086,50,245514517,3390657832,45493,2323,455321131,14600
11973,49,3695562921,3390658258,40321,2323,4289680555,5840
51921,47,3220894619,3390657910,47412,2323,1680338202,14600
63948,49,2885121127,3390657370,59439,2323,2744965930,14600
21709,52,3699736811,3390656961,40291,2323,1861320357,14520
53033,52,2009389584,3390656653,3826,2323,1462420767,5840
44383,50,2973819298,3390658126,51773,2323,1322281031,14600
4976,52,712170578,3390657339,54613,2323,2157573442,4380
61278,48,1594245522,3390658553,60624,2323,2250872201,14600
3647,47,1373103270,3390657844,54883,2323,3117531947,14600
61813,52,3699712049,3390658345,37762,2323,921794180,14520
53770,52,1446619665,3390656799,49267,2323,2880782155,5808
36882,52,2884125752,3390657890,48043,2323,3869654788,14600
64747,53,1907881829,3390657994,49662,2323,2961331622,14600
33001,49,3142217627,3390656776,43717,2323,979694100,14600
9969,54,3151376320,3390658015,43079,2323,2425928280,14600
28372,52,1907116621,3390657496,33205,2323,3465236924,14600
58438,47,838383197,3390658121,36589,2323,2023410845,5808
1439,43,1492588317,3390657363,53159,2323,2795028666,14600
29548,53,460540874,3390657712,63554,2323,2375332572,5840
48029,53,609225989,3390657346,57045,2323,1673987125,5808
29712,51,3216097482,3390658423,48975,2323,3398755541,14600
36495,44,3248546335,3390656990,39757,2323,490915939,14600
63277,52,1907116621,3390657496,33210,2323,3402610451,14600
50995,51,1963333041,3390657887,35426,2323,1790410541,14600
17177,49,3695562921,3390658258,56602,2323,222444741,5840
32436,51,1975937267,3390658322,58593,2323,2408327846,14600
25669,49,2981175815,3390657777,33145,2323,3037499587,4380
60020,53,1906385634,3390657708,40121,2323,2205478477,14520
42170,50,3045845977,3390658037,54504,2323,1168958237,14600
49959,49,245514517,3390657832,45561,2323,2621524868,14600
21321,55,609414689,3390656578,52841,2323,3669524972,14600
35648,51,2040331122,3390656551,4472,2323,2178111257,5840
21224,56,3036482734,3390658323,51762,2323,1201496770,5808
5910,49,3136753495,3390657478,37733,2323,838355719,4380
20571,49,3695562921,3390658258,35204,2323,305451587,5840
55408,48,2976642989,3390658345,52488,2323,4038732580,14600
51710,49,1908326533,3390657717,49830,2323,2310134139,14600
27117,51,3667819998,3390658343,47859,2323,1696449306,14600
5022,49,3695562921,3390658258,38815,2323,347443407,5840
64081,49,3695562921,3390658258,39838,2323,356940237,5840
57586,49,3695562921,3390658258,39911,2323,359490385,5840
6232,53,1907881829,3390657994,49716,2323,3325474689,14600
9619,47,2537743102,3390656651,4605,2323,1459961246,5808
60664,52,19026373,3390656706,36341,2323,1994121734,14520
28568,52,246379153,3390658537,35492,2323,2271131999,14520
54578,52,1907116621,3390657496,13493,2323,1506906270,14600
21319,49,1976354274,3390657906,55619,2323,2007840651,14600
58055,49,1908326533,3390657717,49855,2323,730525743,14600
52786,52,247134983,3390657454,56283,2323,488387847,14600
9620,47,2537743102,3390656651,4605,2323,1459961246,5808
17458,53,246460100,3390656628,41006,2323,4159109572,14600
7551,53,1907881829,3390657994,49730,2323,118598832,14600
24482,49,1768264172,3390657289,35757,2323,3698473693,5808
56078,48,2795249440,3390658347,38372,2323,3694732431,13900
20064,52,1934565672,3390656520,46211,2323,1028662008,5840
59350,50,3698958810,3390657003,34005,2323,3454934740,14600
36149,51,246409644,3390658454,52725,2323,3378811004,14600
49086,49,3205576743,3390658376,36785,2323,510455106,4380
9621,47,2537743102,3390656651,4605,2323,1459961246,5808
41980,46,1332227846,3390656707,41245,2323,4285020211,14600
34083,43,45605901,3390656570,54708,2323,599929261,14600
44043,52,998159623,3390656894,50359,2323,3323935890,14520
59835,49,3137412110,3390656791,52058,2323,2908414592,14600
17468,53,246448449,3390658488,53840,2323,3833389571,14600
30194,52,1906487529,3390656639,7476,2323,678938640,14600
53991,47,1744336306,3390658153,58028,2323,1451645067,14600
58395,54,977225136,3390658243,3501,2323,2208520342,5840
48393,49,3695562921,3390658258,56785,2323,594359379,5840
57227,53,246460100,3390656628,41068,2323,3720486403,14600
19209,48,3286339117,3390658452,33590,2323,130414065,14520
49818,44,1293791109,3390658282,50877,2323,127469478,14600
60883,47,1488758486,3390658163,40031,2323,1314277619,14600
20152,45,3135789273,3390657375,52557,2323,3878589239,14600
11577,48,1432402468,3390656920,56911,2323,4187937345,14600
35427,49,3171755861,3390657513,35423,2323,2635257046,14600
19210,48,3286339117,3390658452,33590,2323,130414065,14520
21504,48,1975991404,3390657473,26980,2323,1736281906,14600
36869,50,1337875794,3390658447,36736,2323,2378838317,4380
32528,53,2095503386,3390658165,35111,2323,4287012835,5440
34093,56,1307186675,3390656609,49734,2323,990103026,5760
39244,52,2005500284,3390658375,51429,2323,1168637755,5840
36546,52,1953105785,3390657428,49974,2323,1118803732,14600
11164,48,3357747904,3390658505,42775,2323,2328500818,14600
7032,52,1906481753,3390657707,41151,2323,2121595326,14600
51214,49,3695562921,3390658258,40480,2323,749356344,5840
60227,49,3695562921,3390658258,41331,2323,763061955,5840
1318,49,1978683628,3390656520,3433,2323,229917745,5840
24572,56,3732697288,3390658205,38320,2323,1492116552,5808
39288,51,3003390872,3390658551,51145,2323,3810633966,5840
33621,51,1982689670,3390657862,54905,2323,1654824084,14600
12418,55,1357521213,3390657882,34414,2323,3128652390,14600
59472,52,19010060,3390657790,38873,2323,189511651,14520
24597,51,1963333041,3390657887,35517,2323,3164317541,14600
43531,233,1536103764,3390656968,41360,2323,3495996090,14600
13027,50,2947959336,3390657468,60190,2323,4066066396,14520
52037,52,985392801,3390656972,57216,2323,3024554204,14600
51293,52,2106214317,3390658008,40881,2323,3893085563,5840
51344,47,1373098250,3390656969,48288,2323,1555153791,14600
8969,47,3196991736,3390656521,4337,2323,713471298,5840
45216,50,2793568262,3390657368,36705,2323,1286112659,14600
51785,51,2327385353,3390657895,59960,2323,1852896864,14600
29245,47,1320857048,3390656546,44637,2323,4111470475,14600
37121,53,840622600,3390657836,3563,2323,762117996,5840
21028,49,3695562921,3390658258,51551,2323,894943949,5840
53801,51,1891990088,3390657307,45706,2323,1113214369,14600
45692,47,3308059314,3390656661,37751,2323,2041077237,14600
15927,48,3244981538,3390656938,48269,2323,185427009,14600
19369,50,2885082755,3390657478,52325,2323,2086946478,14600
63058,49,245499614,3390657535,53486,2323,1132069861,14600
58505,49,3585782556,3390658339,38026,2323,1541772239,14600
3977,53,3026932883,3390657968,38005,2323,4000707140,5808
43988,54,3091315581,3390658470,38847,2323,2333208858,14600
25221,53,246334074,3390656751,60614,2323,2586939729,14520
33698,52,1975420386,3390658332,45427,2323,115955441,5808
15640,52,712331077,3390657787,53872,2323,1551342801,14600
54702,53,1907881829,3390657994,49859,2323,2142267905,14600
31438,45,2984457272,3390658411,38612,2323,1604524703,4380
45758,47,2818204578,3390658050,49908,2323,610862457,14600
60961,54,1849115957,3390658057,59009,2323,799344851,5840
57901,51,2974961977,3390658363,54197,2323,3434755716,14600
3237,49,2017449683,3390658115,58361,2323,2262379697,14600
55560,46,1306774641,3390658480,3926,2323,4035434344,5840
44077,54,3151376320,3390658015,43329,2323,558899111,14600
5903,46,1541884473,3390657514,33113,2323,2242628209,14600
764,53,1741622274,3390658151,38372,2323,3330225507,14600
62285,53,1896954435,3390656701,60691,2323,3958069359,5440
62777,53,1907881829,3390657994,49875,2323,3308468000,14600
18128,56,2945081988,3390658047,41547,2323,1316419646,14600
5473,52,246409644,3390658454,53446,2323,3767615048,14600
18653,52,455720651,3390657533,47445,2323,3078081488,14600
21500,49,3366034505,3390657474,40108,2323,165667496,5840
40005,50,2885067126,3390656620,56176,2323,2865615285,14600
4104,46,3065274421,3390658233,34492,2323,2796444535,14600
50795,49,3695562921,3390658258,43301,2323,1159549437,5840
30746,49,245514517,3390657832,45834,2323,2909792089,14600
33846,52,247077106,3390658359,44057,2323,3667530384,14600
34367,51,2042036409,3390658330,49417,2323,3312361041,14600
10949,49,3175521358,3390658496,34723,2323,3467688521,14600
17673,45,1433008608,3390657363,51572,2323,3744702407,5808
47392,50,245499614,3390657535,53561,2323,1573864451,14600
46518,53,1519785093,3390657466,45699,2323,1075423624,14520
2618,55,609414689,3390656578,53001,2323,342352113,14600
52833,46,1319101403,3390656734,55871,2323,3060874774,14600
22384,47,3286339117,3390658452,35126,2323,3706427784,14520
32517,45,3321451535,3390657840,42132,2323,2233009504,14600
32605,45,2967406808,3390658539,52369,2323,2971458269,14600
27783,54,608658661,3390658484,44858,2323,3881144362,5808
64393,51,84747958,3390657488,3747,2323,1300990186,5808
3647,46,3200467825,3390658375,55868,2323,493250160,14600
29000,53,3072419195,3390657317,38331,2323,816405622,5808
54219,48,2695890204,3390656912,40355,2323,1391322826,14600
33412,47,1899825324,3390656870,53805,2323,3901003631,14600
26893,47,1951038439,3390656631,46360,2323,1160261602,14600
49453,52,2054499126,3390657867,46106,2323,2943611231,14520
41557,47,1594459149,3390658537,57481,2323,2808636323,5840
35252,49,1348133728,3390658546,50557,2323,1309877943,14600
44457,51,1298868555,3390658082,45869,2323,1984332049,5840
29804,56,1314237672,3390658373,3642,2323,921151671,5840
45857,56,2945081988,3390658047,42373,2323,4164253075,14600
53694,47,1580018570,3390656922,35421,2323,257996728,4380
56946,49,1417187870,3390658205,3834,2323,575692875,5840
32474,50,712182968,3390657440,41230,2323,2429938884,5840
46898,52,3582026834,3390656901,53255,2323,2524389960,14600
48303,52,3699859051,3390657379,46771,2323,3541310188,14520
11457,52,712409551,3390657287,33331,2323,847785116,14600
55309,45,1396879345,3390656670,47735,2323,1664735444,14600
61561,49,3695562921,3390658258,34225,2323,1429499490,5840
26640,52,998113666,3390658023,44445,2323,458617707,14520
29623,49,3121218012,3390657444,52989,2323,3435270602,14600
45079,52,3582026834,3390656901,53280,2323,3594069580,14600
7235,47,3188723757,3390657406,41264,2323,94913822,14600
5433,52,3529063212,3390657456,36931,2323,4168548586,14600
31802,51,1834793018,3390657963,60316,2323,3482201894,14600
6850,52,1332773559,3390658331,4495,2323,2233679967,5808
47914,46,1532834599,3390656554,36507,2323,454566351,14600
43353,52,985381815,3390658031,42684,2323,972459408,14600
49126,52,3703485549,3390656712,38460,2323,1992310902,5808
63647,51,3527685216,3390656935,51401,2323,4276257939,14600
19763,50,3017337633,3390656961,48527,2323,693349756,14600
35069,46,1542030602,3390657740,41328,2323,260636631,4380
64402,115,1390242055,3390657768,36877,2323,2254073745,49422
51412,49,3695562921,3390658258,39745,2323,1503942433,5840
24156,53,1843478132,3390657699,3552,2323,2283461145,5760
49127,52,3703485549,3390656712,38460,2323,1992310902,5808
20397,49,3193492771,3390656652,43952,2323,1907519309,4380
23925,50,245514517,3390657832,45931,2323,3930977644,14600
50339,47,1491341231,3390657530,2259,2323,3432742878,5808
36668,47,3385328570,3390656694,44625,2323,2915337839,14600
16962,49,3363057099,3390658315,55371,2323,3878653095,14600
44075,49,1594253949,3390656866,56752,2323,2060973037,5808
26728,53,2997482294,3390657468,34684,2323,2372929757,14600
7324,43,690594466,3390656761,48234,2323,376072628,14600
22841,49,2826530288,3390658124,45046,2323,2959684695,14600
19022,52,2064981538,3390656760,60752,2323,938289740,14600
16869,52,458057122,3390658003,61778,2323,1606837819,14600
8983,54,2945316054,3390656883,38675,2323,1752168223,14600
35543,47,3065784918,3390657320,43953,2323,3727003405,14600
4457,54,3151376320,3390658015,43484,2323,3708080134,14600
15710,50,96321998,3390656520,49143,2323,1300864358,4380
47095,51,3558232874,3390658491,44840,2323,2503901342,14600
47747,45,1372964673,3390657675,49349,2323,1882786575,5808
3229,49,1348133728,3390658546,51240,2323,1166916436,14600
41198,51,246838652,3390658202,34130,2323,3294635901,14600
1605,50,1296411612,3390657778,34707,2323,217081466,14600
48349,48,3286339117,3390658452,36186,2323,1206084900,14520
47484,47,2356233564,3390658529,36468,2323,1371182569,5840
57300,49,1441403660,3390656547,41595,2323,2195923944,14600
32975,53,3104931763,3390657800,57187,2323,3719891085,14600
58132,48,3123519468,3390658159,46423,2323,451198457,5808
1890,43,3105049879,3390656806,43610,2323,3263266825,14600
34094,54,1906580622,3390658274,56811,2323,482033323,14600
1891,43,3105049879,3390656806,43610,2323,3263266825,14600
63634,52,1369587406,3390656704,48453,2323,1072501959,4380
24584,48,1486655566,3390657749,17700,2323,1972562332,14600
26698,53,1984304235,3390657337,50617,2323,2688948249,14600
33907,51,246292919,3390658231,42679,2323,1618569110,14600
27999,49,3201819315,3390656630,54802,2323,651773498,14600
39947,49,3695562921,3390658258,33640,2323,1783380809,5840
36450,47,1381042778,3390656927,33131,2323,1104594447,5840
7165,51,3285278787,3390657667,43002,2323,3622514607,14600
5932,51,3697057016,3390657868,59642,2323,864813913,14600
9904,50,1598473318,3390657844,45104,2323,286131082,14600
40110,46,1856511270,3390656750,45027,2323,3923668573,14600
24045,52,20212109,3390656673,55614,2323,3365278269,14600
15395,50,712040506,3390656935,63740,2323,663051871,14600
12663,49,2327385353,3390657895,33245,2323,38757799,14600
6769,45,2835189779,3390658269,44773,2323,2927525973,14600
38773,54,3715702059,3390658544,37919,2323,1957149983,14600
58892,52,20212109,3390656673,55695,2323,65124057,14600
5286,52,1967010177,3390658510,37985,2323,2621712098,14600
45244,53,712299377,3390656842,55162,2323,275404018,14600
40225,52,20212109,3390656673,55740,2323,3569863708,14600
38492,46,2538212229,3390658144,44441,2323,3480191794,14600
11514,51,1423204350,3390657388,42654,2323,4190983499,5840
16640,49,245499614,3390657535,53771,2323,650071858,14600
57712,52,2004410408,3390657398,58031,2323,2500989479,14600
5287,52,1967010177,3390658510,37985,2323,2621712098,14600
33397,51,3211911810,3390658144,45117,2323,1816239631,14600
59861,53,246900593,3390656728,41485,2323,2612048258,14600
36241,50,3373661883,3390658534,50465,2323,773057736,14600
9405,50,800469379,3390658099,38030,2323,3221712476,4380
32528,53,1857365355,3390656619,42330,2323,2474764130,5808
29412,52,2942673447,3390656699,47529,2323,2241569759,4380
10555,53,247140136,3390658129,39403,2323,862489207,14020
56544,49,3204038643,3390656962,46119,2323,2322480204,14600
36836,50,1908326533,3390657717,50167,2323,3421484236,14600
10195,49,1835179120,3390657794,45767,2323,3322333935,14600
33436,47,1381042778,3390656927,33308,2323,1324862655,5840
1407,49,3695562921,3390658258,55318,2323,2080942861,5840
18710,48,1321048498,3390656627,53862,2323,1921408185,14600
16509,48,1433005972,3390658290,44012,2323,1420318924,14600
62633,49,3176310730,3390658040,43272,2323,3606745608,14600
3672,50,3040034755,3390657789,40068,2323,563141827,14600
23238,51,1952746516,3390657498,43231,2323,646068990,14600
51741,52,247032014,3390658330,40635,2323,3310309962,14600
14511,52,20212109,3390656673,56281,2323,4088360549,14600
55466,48,1492744576,3390656630,45011,2323,2191257511,5808
31800,51,1963161716,3390658247,41711,2323,58858165,14600
173,53,246900593,3390656728,41505,2323,1258315134,14600
36708,49,3695562921,3390658258,35439,2323,2190818901,5840
57751,49,2975611309,3390658381,43358,2323,3153573599,14600
17382,50,245514517,3390657832,46130,2323,4022794873,14600
20879,48,2588106430,3390657004,53594,2323,157511540,14600
56081,49,3695562921,3390658258,38464,2323,2233297196,5840
56484,51,1963038613,3390657698,41452,2323,2761721204,14600
65482,47,1856511270,3390656750,45123,2323,3634758519,14600
1973,48,2801423729,3390657412,39405,2323,1156615187,13900
27085,49,245514517,3390657832,46136,2323,2632635277,14600
28313,49,3695562921,3390658258,41729,2323,2270223835,5840
52933,50,1925689314,3390656892,3251,2323,2498505356,5840
36672,54,1906921642,3390658484,44660,2323,2649221456,14600
59431,48,3126425951,3390658043,4382,2323,2537340912,5840
19958,51,3051237416,3390656662,49658,2323,1912641877,14600
13936,52,2885301265,3390657784,57612,2323,742248485,14600
890,52,20212109,3390656673,56769,2323,3620167505,14600
1868,46,3314888385,3390656597,56543,2323,1591850490,5808
17990,52,1952850530,3390656949,43085,2323,1767005100,14600
254,54,3699518453,3390657918,34778,2323,1859290125,5840
13075,50,3040034755,3390657789,40208,2323,1895623149,14600
15424,52,2994523871,3390656858,49864,2323,3519438779,5808
50379,52,1227088569,3390658511,53750,2323,2762080457,14600
17285,53,3058090301,3390656895,35491,2323,3799766704,14600
62966,54,1907011591,3390656587,51635,2323,2825674828,14600
45573,47,690398307,3390657737,39539,2323,2832329220,14600
35926,52,1862383522,3390656691,48734,2323,4054837735,14600
59890,44,1293758537,3390657787,59393,2323,3915673723,14600
56785,51,3000811607,3390656844,44218,2323,1668638783,4380
13659,51,3040050041,3390657455,37595,2323,1479845854,14600
35306,54,3151376320,3390658015,43733,2323,256594421,14600
33249,50,3017785020,3390657815,36288,2323,3820146943,4380
26904,49,3141014554,3390657964,49426,2323,3319489086,14600
15493,53,1855823864,3390658541,40879,2323,3963547167,5440
46761,47,3351972169,3390657769,55771,2323,2241748890,5840
3036,51,3189042499,3390657671,37511,2323,1334727122,14600
60692,56,2945081988,3390658104,49912,2323,1670252836,14600
1237,51,2065378480,3390658154,58821,2323,125500052,14600
30709,47,3140226281,3390657531,35195,2323,1265202761,14600
3850,50,2009747468,3390658263,3276,2323,2285830845,5840
61391,48,1977285379,3390657698,58128,2323,3920755563,14600
53959,53,712255816,3390656707,42387,2323,1490737907,14600
55077,49,1908305217,3390658192,50707,2323,323955365,14600
41519,50,3139872456,3390658447,55134,2323,4049086010,14600
13824,49,2064680408,3390657955,46572,2323,827612616,14600
13040,48,2795845194,3390657935,33864,2323,642499040,14600
41263,54,246982036,3390658143,41943,2323,1042819390,14600
25105,52,3072214897,3390656879,42875,2323,2105677353,14600
31699,47,1406269361,3390656841,39699,2323,3230686298,5840
54390,51,3193236333,3390657468,56872,2323,1210302595,14600
37884,50,3155944180,3390657732,50081,2323,3498638976,14600
28794,51,1741632665,3390658470,60371,2323,641736465,14600
41307,52,712255816,3390656707,42651,2323,3880102602,14600
38331,55,609414689,3390656578,53166,2323,767531538,14600
25510,50,3291098182,3390656928,57696,2323,911354818,14600
42577,52,1914845255,3390656684,51600,2323,259961285,14520
31700,47,1406269361,3390656841,39699,2323,3230686298,5840
42844,49,3177457279,3390657408,46897,2323,3579656475,14600
41308,52,712255816,3390656707,42651,2323,3880102602,14600
61798,50,1907341950,3390657514,44302,2323,3459275345,14600
9747,47,1433011102,3390657697,43111,2323,2484423937,14600
44428,47,1892005129,3390658180,42719,2323,4228862631,14600
59347,52,247052052,3390658258,41474,2323,1150244722,14600
21488,56,1702883079,3390657934,38830,2323,1000919678,14600
24566,53,1907931028,3390656815,32803,2323,493922882,14600
50901,47,3577323425,3390657518,34049,2323,3952298262,4380
25270,49,3695562921,3390658258,52315,2323,2858984395,5840
27379,47,3574505636,3390658440,45482,2323,3599890172,14600
47098,50,2064710518,3390656931,34982,2323,851548749,14600
10702,51,246802741,3390658203,59389,2323,1642656372,14600
51968,49,3172484791,3390658487,55124,2323,2261804681,14600
33688,49,3662599439,3390656638,4350,2323,1915811531,5840
39859,44,3140555202,3390658047,51144,2323,3163766834,4380
29153,44,1491196296,3390656900,60713,2323,1656313690,5808
29315,44,533604896,3390656591,59594,2323,1366879386,14600
46886,51,2039705456,3390657490,33957,2323,3544894317,14600
21829,45,3385117972,3390658313,52021,2323,3939993195,5840
49279,51,246799307,3390656906,56665,2323,750235236,14600
33128,53,712255816,3390656707,43155,2323,996511760,14600
15709,50,1908305217,3390658192,50726,2323,1504721097,14600
22216,52,19056514,3390657987,41117,2323,444362196,14520
6124,49,1560112921,3390657483,42372,2323,4047142187,14600
26581,51,1539863253,3390657343,40788,2323,2354083951,4380
4836,50,245514517,3390657832,46393,2323,747495029,14600
54022,54,1906921642,3390658484,46287,2323,749904955,14600
44997,49,2885140786,3390656825,50033,2323,2303164048,14600
25492,56,2945081988,3390658104,51222,2323,931040312,14600
54183,47,1492624716,3390657021,34794,2323,4018848907,14600
52765,51,1906465329,3390658290,46227,2323,124930209,14600
31183,49,3192362215,3390656685,52942,2323,3153475547,14600
26694,49,245538983,3390656664,42973,2323,980840853,14600
2752,53,712148521,3390658229,37123,2323,3376291544,14600
38460,52,712255816,3390656707,43591,2323,4219044827,14600
61698,50,2088452036,3390657280,51434,2323,3180447288,14600
21304,45,3308095542,3390658534,44380,2323,404054590,14600
35939,53,1873738585,3390657357,37571,2323,2441154985,5648
61699,50,2088452036,3390657280,51434,2323,3180447288,14600
9964,44,1492652486,3390657331,46468,2323,2586686216,14600
20242,48,3574514627,3390658516,60468,2323,683920826,14600
409,52,20212109,3390656673,58978,2323,1918464953,14600
49699,55,3035989652,3390657890,46740,2323,1478940057,14600
24169,45,699304626,3390657856,2801,2323,2786428550,5840
362,51,1963038613,3390657698,41631,2323,2743235466,14600
50805,50,3362309847,3390657968,41571,2323,3196867651,14600
39327,49,1444522518,3390657838,56553,2323,2426066553,14600
8317,52,3031516169,3390656985,43551,2323,2229951190,4380
24170,45,699304626,3390657856,2801,2323,2786428550,5840
18182,53,3701629685,3390657894,35842,2323,1265967806,4380
15554,48,1853055216,3390657890,44365,2323,2762066930,5808
39147,52,991192350,3390656924,4788,2323,2541520772,5840
39997,49,245513080,3390658204,56757,2323,2317236704,14600
21826,44,1293758537,3390657787,59539,2323,1396570231,14600
19652,49,3082184750,3390656677,42628,2323,3529693086,14600
36455,51,3017636137,3390658479,60752,2323,3223037865,4380
36914,56,2945081988,3390658104,52200,2323,2915526525,14600
59853,55,3035989652,3390657890,46754,2323,3172201346,14600
3124,53,246008531,3390656544,44802,2323,336184098,5632
32907,48,3376303222,3390657501,38159,2323,1333567782,14600
14163,49,2795473604,3390658104,36218,2323,3314861173,14600
35923,52,736129486,3390656812,47185,2323,1612126780,14600
10428,56,3036111404,3390658403,56956,2323,3738668298,5808
59301,51,1963263578,3390657512,49179,2323,3234768729,14600
30591,45,3308108372,3390656951,44693,2323,3313857774,4380
37765,45,1492597769,3390657792,39932,2323,2710260334,14600
29752,49,3695562921,3390658258,37516,2323,3421682620,5840
27557,53,1939181940,3390658111,41318,2323,2398582580,14600
16128,51,991635565,3390657504,4543,2323,2829870184,5840
63110,47,1415196154,3390658299,37929,2323,3676287140,5840
14559,49,1771897890,3390658014,44251,2323,220482440,5808
6011,48,3583631914,3390656734,51104,2323,3810873052,14600
24274,52,247134983,3390657454,56797,2323,4030797832,14600
5317,55,3035989652,3390657890,46780,2323,2622818682,14600
18339,52,1907847326,3390658170,37906,2323,510711308,14600
59266,49,2064710518,3390656931,35116,2323,196073871,14600
9658,53,2008578898,3390658493,37712,2323,1412565965,14600
25325,44,778318459,3390658050,50568,2323,3440052743,14600
33806,48,1027182603,3390658274,48615,2323,4093819032,14600
11413,47,2975579047,3390658167,44402,2323,3795408480,14600
35010,46,3134636191,3390657469,53926,2323,52971550,14600
41771,47,1460342098,3390656890,41287,2323,1806516377,14600
36062,49,3695562921,3390658258,54077,2323,3630716970,5840
41072,52,2004524674,3390656786,57305,2323,3148818154,14600
56010,50,1600746470,3390657985,46932,2323,1939900792,14600
57085,44,1492585415,3390658019,35340,2323,1849588461,14600
36728,49,1209779384,3390658096,35236,2323,1208838610,5840
56723,45,3370193241,3390658328,47503,2323,1960212388,14600
58739,52,41662068,3390656832,44967,2323,2396538048,14600
59542,49,2981335866,3390657717,56452,2323,1810730328,4380
41659,49,2795473604,3390658104,36345,2323,3634452562,14600
43774,46,3728348473,3390658233,52324,2323,2920668057,5808
56011,50,1600746470,3390657985,46932,2323,1939900792,14600
35678,52,1953350286,3390658009,48824,2323,4227721701,14600
15861,52,2884160316,3390656742,35064,2323,1769337122,14600
36206,49,3016973898,3390656989,46900,2323,1065868074,4380
6214,50,2992543243,3390658328,34762,2323,3424153648,14600
5746,53,1939181940,3390658111,41894,2323,2979214058,14600
64168,50,2064709012,3390656960,57623,2323,1758908989,14600
2804,44,1293758537,3390657787,59622,2323,3300242006,14600
46929,53,3057770865,3390658212,48772,2323,2131655735,14600
54396,47,1391174776,3390656935,48038,2323,4151214795,14600
51929,44,3314890633,3390656637,39498,2323,2711371280,5808
35560,53,1939181940,3390658111,41935,2323,2484252643,14600
24087,53,1939181940,3390658111,42040,2323,1724610594,14600
2054,49,3695562921,3390658258,39475,2323,3815952758,5840
58165,44,1293758537,3390657787,59628,2323,3821558472,14600
7393,56,2945081988,3390658104,53647,2323,3668975253,14600
17160,53,1991709558,3390656890,4028,2323,1128635395,5808
30544,47,1320352099,3390657961,56852,2323,2983241176,14600
32241,45,3393656082,3390657836,34710,2323,2687118941,14600
64671,51,247397636,3390656854,34261,2323,61907849,14600
52321,53,3740713480,3390658367,47896,2323,3020483153,5440
52468,53,1945698526,3390658268,5226,2323,3940251721,30867
29077,52,458065374,3390656816,36785,2323,1010079071,14600
47511,53,20268021,3390657742,33983,2323,2847225715,14600
48151,52,2004524674,3390656786,57468,2323,3555472125,14600
9914,55,3035989652,3390657890,46862,2323,2785873026,14600
57342,54,1907785565,3390658029,56622,2323,4163046214,14600
3295,53,1907931028,3390656815,34713,2323,396304361,14600
62013,50,2793550555,3390656577,53911,2323,736617778,14600
18850,51,1906855543,3390658076,38918,2323,1358060796,14600
10450,52,2004524674,3390656786,57480,2323,3459884979,14600
18277,53,3026871274,3390658224,3072,2323,3156842324,5808
62014,50,2793550555,3390656577,53911,2323,736617778,14600
7805,52,457879997,3390656807,39764,2323,3204227489,14600
41594,48,3385328880,3390658554,41522,2323,2413236904,5808
18278,53,3026871274,3390658224,3072,2323,3156842324,5808
36153,49,3695562921,3390658258,60017,2323,4083313922,5840
17894,52,247123848,3390657961,58445,2323,4235271147,14600
44326,52,1907098859,3390656910,55817,2323,3140146344,14600
27598,53,1018033276,3390656906,49634,2323,2573833176,14600
30266,48,3051761620,3390657320,52567,2323,1980861840,14600
26539,53,1028336257,3390657414,43482,2323,4176453294,5840
13747,51,1906811479,3390658347,32903,2323,589070901,14600
39971,51,1952746999,3390658506,52582,2323,1980726801,14600
4797,51,3730530395,3390657413,50159,2323,754274183,14600
59257,50,2009293384,3390657414,36112,2323,795258812,5840
15211,49,3198389367,3390657004,42114,2323,3153629356,14600
42388,42,1563341009,3390657923,39303,2323,3591575010,14600
25815,42,1563341009,3390657923,39304,2323,1019991201,14600
64550,51,1741632665,3390658470,60925,2323,4004409236,14600
28962,51,1424816059,3390656982,39795,2323,1917018919,14600
11916,52,247124728,3390658379,53324,2323,2634142523,14600
53134,54,1906921642,3390658484,49158,2323,3433257867,14600
23639,50,1450915369,3390658379,36583,2323,2789955620,14600
56929,44,1432955928,3390658126,40144,2323,210278944,5808
23542,50,3076803394,3390657414,33766,2323,1981511519,5840
5351,52,736129486,3390656812,53041,2323,1531428478,14600
16213,48,1320878054,3390658280,57856,2323,2605560957,14600
60337,52,712027533,3390657386,33763,2323,2738518194,14600
33608,42,1563341009,3390657923,39543,2323,1141846431,14600
52281,55,1009828398,3390657912,51260,2323,91004675,14600
33940,47,1320352099,3390657961,57010,2323,3344128494,14600
57621,50,3045066811,3390656877,56186,2323,583036023,14600
25940,51,1592052240,3390658299,43023,2323,4058437724,14600
40372,50,1906811479,3390658347,32981,2323,368386554,14600
11567,52,3072214897,3390656879,46049,2323,3069096377,14600
8570,49,1925672322,3390658534,35058,2323,3424936143,14600
6377,53,1907826542,3390656696,41416,2323,2537629717,14520
57622,50,3045066811,3390656877,56186,2323,583036023,14600
49862,52,3667993585,3390656827,40554,2323,1662959074,14520
49290,53,1907931028,3390656815,35242,2323,1947982675,14600
47547,53,1945004826,3390658521,48694,2323,1102675336,14600
24070,54,453167229,3390658087,42249,2323,3295300746,5840
13392,48,1502157881,3390657005,41143,2323,81710482,14600
30534,50,712198983,3390657927,49593,2323,1080172615,4380
1963,47,772932543,3390658064,45925,2323,2051975663,14600
53488,49,2017257819,3390656736,60077,2323,4215750475,14600
17729,48,1409363561,3390657314,60117,2323,2304657391,14600
7472,50,2793568262,3390657368,33035,2323,580358940,14600
7353,52,247121819,3390658312,33601,2323,2245965836,14600
20891,50,1908305217,3390658192,50917,2323,1813937008,14600
63014,50,1908305217,3390658192,50918,2323,1325718747,14600
19936,52,985317522,3390658396,41121,2323,4116579106,14600
1740,52,2885198920,3390657970,47688,2323,2385814657,14600
27059,51,1907340534,3390657844,36914,2323,2045742912,14520
11460,52,1948226377,3390656691,50587,2323,87046207,14600
32152,49,3695562921,3390658258,33379,2323,196319173,5840
63613,51,3173197771,3390656700,44863,2323,3563145303,14600
17412,53,3073210674,3390657461,50272,2323,3730869930,5440
33248,49,2702374244,3390657679,56323,2323,4240657988,4380
33640,54,246168868,3390656821,35670,2323,3658572824,14600
24321,45,1598153821,3390657524,4204,2323,327056788,5808
24482,51,3730530395,3390657413,33624,2323,3119069168,14600
31790,43,1492726739,3390658449,34669,2323,383512438,14600
44973,52,736129486,3390656812,55837,2323,4095876228,14600
45624,51,1906811479,3390658347,33105,2323,2619568635,14600
27973,46,2831408334,3390656521,47129,2323,2900880427,14600
30776,51,1963335047,3390657336,33194,2323,36767136,14600
9854,46,2954976833,3390657814,42784,2323,3155960230,14600
57722,52,1953305975,3390656559,50197,2323,1901554151,14600
22217,51,1963038613,3390657698,41879,2323,644137161,14600
43038,52,1907117569,3390657319,37697,2323,2111670653,14600
16851,52,247397636,3390656854,34332,2323,2273063660,14600
30864,48,1310693674,3390658472,57901,2323,2922921908,5840
18331,52,1934393332,3390657796,34652,2323,583017227,14600
34603,51,246354612,3390658474,37105,2323,130354896,14600
49869,51,1896481295,3390657735,33737,2323,1282180563,5840
48710,53,1018033276,3390656906,53983,2323,335329776,14600
13678,50,2793568262,3390657368,33110,2323,854696020,14600
57777,52,2884135101,3390657859,45363,2323,3651835693,14600
31536,51,247397636,3390656854,34336,2323,560336737,14600
49870,51,1896481295,3390657735,33737,2323,1282180563,5840
55400,49,1841643321,3390657715,52225,2323,2218436759,4380
34581,55,531997042,3390657783,35679,2323,2993758530,14600
45996,46,3015063946,3390656871,36669,2323,2500474292,14600
55816,47,1390624626,3390658240,59116,2323,3418201608,14600
35146,53,2432655401,3390657362,46717,2323,3287293639,5808
24935,47,3065015678,3390656781,44903,2323,2111173649,14600
20967,52,998140129,3390656721,42226,2323,4006323968,14520
55488,52,1984224436,3390657940,38851,2323,2362141242,14600
36436,50,3056664092,3390658270,55036,2323,3376856361,14600
14391,54,245879048,3390658410,33383,2323,1282404699,14600
5756,52,247077106,3390658359,44642,2323,3118982211,14600
38422,52,247077106,3390658359,44647,2323,3184092281,14600
24483,54,20421297,3390657854,49651,2323,233863402,5808
23940,51,1592052240,3390658299,44127,2323,478908691,14600
14978,52,1914917449,3390658064,39504,2323,2052214355,14520
51566,48,1345702730,3390658210,47308,2323,3564695309,4380
36867,54,3732690043,3390656602,60074,2323,3296793511,5808
31218,51,1592052240,3390658299,44189,2323,1993913464,14600
23941,51,1592052240,3390658299,44127,2323,478908691,14600
30217,52,1964789646,3390657771,33395,2323,975953085,14600
23003,56,2998418392,3390656780,58268,2323,3325158587,5808
32584,52,1906483413,3390658472,60253,2323,376639463,14600
17820,51,1450871251,3390658381,39471,2323,3564717516,14600
32147,52,1984223207,3390658121,55162,2323,1329826264,14600
35115,56,1467474503,3390657355,45602,2323,1738558114,5808
20419,47,1541500230,3390657448,54281,2323,3720172192,14600
40268,52,2885271802,3390657447,56268,2323,3020378484,14600
6395,51,246838937,3390657798,49733,2323,270464901,14600
51452,53,3059897120,3390656886,33740,2323,346741133,14600
37356,50,1998715403,3390656626,3247,2323,632469225,5840
26539,51,247397636,3390656854,34386,2323,2699172696,14600
9864,52,1977282887,3390657288,40546,2323,2435688980,5440
51453,53,3059897120,3390656886,33740,2323,346741133,14600
19912,51,1896481295,3390657735,33780,2323,1627259428,5840
19410,51,1337620567,3390658020,39293,2323,2151033210,14600
50511,53,1018033276,3390656906,56612,2323,2659308697,14600
45326,51,3212033650,3390658547,38493,2323,625535324,14600
22794,53,20317946,3390658393,45077,2323,2358156872,14600
57734,52,1952847051,3390656780,43153,2323,3904463697,14600
17475,51,1952491221,3390656564,48039,2323,4248814643,14600
40983,49,3695562921,3390658258,55376,2323,873945936,5840
51930,52,1897323453,3390658396,59954,2323,3310345432,14600
43105,52,247121819,3390658312,33646,2323,603725535,14600
56552,53,246382726,3390656970,60579,2323,3159818079,14600
5170,52,998136783,3390656641,46269,2323,412500307,14520
34954,50,3056664092,3390658270,56484,2323,2091037800,14600
3048,51,1592052240,3390658299,44640,2323,3221477400,14600
46800,51,1907847326,3390658170,40720,2323,586222118,14600
51785,50,245514517,3390657832,47227,2323,2501824112,14600
23415,49,245513080,3390658204,58702,2323,3485306818,14600
58657,49,3695562921,3390658258,33744,2323,962730071,5840
26518,52,1953310827,3390657515,51754,2323,3139083951,14600
46565,49,3361836960,3390656866,37474,2323,1208521260,14600
59691,45,3051844364,3390656868,54802,2323,1106722991,14600
7478,50,1429259993,3390657828,50444,2323,4193553338,14600
56806,51,247397636,3390656854,34433,2323,1679187530,14600
26950,53,3701629569,3390656989,38956,2323,4096063088,4380
9977,56,1854440925,3390656711,47671,2323,2870947961,5808
33917,53,829899126,3390656927,40201,2323,794295588,5440
31110,56,93221485,3390657863,57135,2323,592502394,5808
17342,51,2884119336,3390656823,56588,2323,825210118,14600
50818,51,1729529449,3390657819,35447,2323,846692030,14600
44059,49,3695562921,3390658258,47286,2323,1150463513,5840
1681,48,2052741387,3390657815,39828,2323,3907985472,5808
34859,52,1953355861,3390657406,53036,2323,33185012,14600
32687,53,2876353576,3390656691,43673,2323,1447959562,5704
40296,49,1245825554,3390656783,50598,2323,1371764400,4380
47960,50,1776436665,3390656680,58645,2323,1077041046,14600
23883,47,1432582441,3390656552,45645,2323,3074773385,14600
26991,46,3587383618,3390658413,41588,2323,497653208,5840
34127,46,2835189779,3390658269,45788,2323,1359704241,14600
45800,49,3695562921,3390658258,56853,2323,1270396865,5840
44746,55,1311032504,3390658001,37428,2323,2239062837,5808
60317,51,1592052240,3390658299,45207,2323,1837250434,14600
11530,45,1730838472,3390656671,39700,2323,281645781,44324
13414,43,98718163,3390656685,43683,2323,1767262926,4380
39117,45,1730838472,3390656671,3609,2323,927549431,5840
9341,51,1592052240,3390658299,45345,2323,755169872,14600
53534,47,1596136126,3390656589,45716,2323,954607434,14600
29704,49,3695562921,3390658258,33955,2323,1346597630,5840
29073,49,1380713284,3390657292,46986,2323,3144557289,14600
52038,50,1943906158,3390657907,40758,2323,1198669609,14600
24598,52,2054443137,3390656784,44130,2323,2429095579,14520
28858,51,237785521,3390658267,3237,2323,3352370839,5840
40997,52,2040992235,3390656762,52577,2323,155973094,5840
28600,54,1907791142,3390657530,32993,2323,691228327,14600
9342,51,1592052240,3390658299,45345,2323,755169872,14600
57477,53,1965883433,3390657423,3240,2323,3834673827,5840
13830,51,1602658925,3390656744,39202,2323,4009234010,5840
249,51,3216066961,3390656712,34386,2323,2425283788,14600
59621,52,1446636822,3390657533,57409,2323,3925880562,5808
63941,55,3036103685,3390656833,54479,2323,1109174139,14600
30633,52,1907117569,3390657319,37847,2323,73288828,14600
57478,53,1965883433,3390657423,3240,2323,3834673827,5840
48168,52,19009709,3390658275,38195,2323,697004983,14520
36505,54,1907011591,3390656587,51879,2323,1332439062,14600
35628,54,1907011591,3390656587,51880,2323,3964169652,14600
7916,54,1907011591,3390656587,7665,2323,1978005620,14600
56659,51,2104450828,3390657391,25666,2323,1092398748,14600
18964,52,998144291,3390656603,60469,2323,2277000047,14520
1333,49,3695562921,3390658258,43179,2323,1463815984,5840
16067,51,2805799566,3390656851,32856,2323,3991131055,14600
50958,49,3695562921,3390658258,43783,2323,1477954864,5840
13558,49,3695562921,3390658258,43919,2323,1469333182,5840
6470,51,246797057,3390656568,56017,2323,1441042800,14600
17126,48,3130996499,3390656887,37724,2323,130070709,14600
18000,52,993800072,3390657779,50761,2323,2921535446,14600
55592,55,3036103685,3390656833,54486,2323,2419046732,14600
60600,49,3176391660,3390658026,52640,2323,344072057,14600
63600,53,840622600,3390657836,3366,2323,1093035773,5840
7398,51,3127525152,3390656596,59057,2323,324933581,5656
1416,48,1977264727,3390656991,59266,2323,4102598036,5840
24885,53,1034668297,3390657897,4171,2323,4217804011,5808
65104,51,1907057416,3390657707,45791,2323,862190761,14600
23377,51,1963179321,3390658424,52117,2323,1493148430,14600
41876,44,1293749508,3390658532,59625,2323,970942815,14600
8915,48,1432648301,3390657451,50423,2323,3783993152,14600
50957,39,2967188365,3390656625,43440,2323,3917894153,5808
43911,51,246482870,3390657936,44479,2323,3449160307,14520
30160,52,1934266666,3390656686,36449,2323,1455083977,14600
41616,44,1492731681,3390656983,33065,2323,3729101197,14600
15035,52,616396697,3390657773,3595,2323,1927874078,5808
54174,50,3652101806,3390656605,56619,2323,2504487479,14600
14359,49,996034554,3390658272,41070,2323,1390834730,4380
58517,50,3201499782,3390658091,46796,2323,4079018714,5840
9862,45,2978249475,3390656756,53369,2323,127481255,14600
31583,52,1934260789,3390656528,58696,2323,3725536902,14600
52935,55,2036396199,3390658396,56349,2323,2166522963,5840
1399,47,690458544,3390657880,53849,2323,2346093884,14600
48911,51,1907283425,3390657508,50834,2323,1744307455,14600
53922,50,3245063429,3390658240,47790,2323,1501411950,14600
41308,49,1567914566,3390658170,59013,2323,3278081691,14600
6892,51,2009571439,3390657858,34824,2323,2452881116,5840
64052,53,1855820528,3390656676,58287,2323,1582132376,5440
28690,52,1907165372,3390657460,34297,2323,130144396,14600
36214,51,3075579205,3390658168,37925,2323,841963551,14600
48145,52,3147180473,3390656927,44376,2323,810975954,14600
7770,54,3186618737,3390658343,60299,2323,3673602223,14600
52634,52,998144967,3390656915,47842,2323,4132104119,14520
22970,52,3742233272,3390657999,41881,2323,1209320049,14600
27170,51,3194561286,3390657795,54473,2323,170469915,14600
7804,52,246337466,3390657953,34403,2323,2189306973,14600
56246,53,1895673211,3390658078,33761,2323,1426767836,5808
4536,52,1851100236,3390658438,51472,2323,3715808486,14600
50833,48,1730855704,3390658124,40043,2323,2335024566,14600
5090,48,3193151673,3390657692,46757,2323,2737168776,14600
15246,49,3695562921,3390658258,49624,2323,1943350663,5840
31019,53,3699894497,3390658092,34362,2323,112212728,14520
30487,54,1822521676,3390657725,45382,2323,2235500654,5808
22368,50,3056664092,3390658270,60646,2323,253886480,14600
4537,52,1851100236,3390658438,51472,2323,3715808486,14600
32505,52,1906483413,3390658472,60457,2323,1177087599,14600
27866,52,246765305,3390657829,48987,2323,2243158468,14600
47774,52,1953275185,3390657801,46654,2323,3674835709,14600
27517,49,3695562921,3390658258,56030,2323,2030924639,5840
18441,48,3141189208,3390658069,51951,2323,3442630164,14600
24456,52,1927431556,3390658148,38439,2323,2200260320,4380
51149,52,1927431556,3390658148,38440,2323,2201999013,4380
15265,51,3000870014,3390657870,57824,2323,765098730,14600
36529,52,1906483413,3390658472,60466,2323,3624672288,14600
38657,52,246765305,3390657829,49031,2323,1197152719,14600
64698,54,3151376320,3390658015,44760,2323,385796958,14600
61807,50,1354263763,3390658442,33461,2323,2765729206,14600
26779,55,1336218156,3390658526,3512,2323,3992108899,5840
25832,55,2945446857,3390658166,37675,2323,1233329320,14600
15266,51,3000870014,3390657870,57824,2323,765098730,14600
30171,46,786525454,3390658492,43859,2323,3194685984,14600
58152,48,1594481389,3390656887,43626,2323,2265552086,5808
56585,56,1598347532,3390658469,59374,2323,2256257476,5840
49019,51,1974551578,3390658457,47994,2323,170384940,5808
42282,51,247397636,3390656854,34646,2323,379992663,14600
9218,52,3699719038,3390658533,48021,2323,1777537454,14520
27392,47,1432581521,3390657937,34755,2323,4115811203,14600
49804,42,1306336186,3390658376,4555,2323,942600036,5840
63433,52,3075579205,3390658168,38275,2323,10037736,14600
35150,52,998128505,3390657522,40508,2323,2377784287,14520
38060,52,462943415,3390656826,15357,2323,3909608669,14600
17213,47,2955608456,3390658557,32788,2323,1517195247,14600
59257,52,712132366,3390656864,37223,2323,1131946854,14600
9662,52,1907165372,3390657460,34368,2323,2196018750,14600
59258,52,712132366,3390656864,37223,2323,1131946854,14600
32375,46,2264499387,3390657814,58895,2323,3019799019,14600
64842,53,3701629685,3390657894,41272,2323,249121431,4380
56303,49,3204035308,3390657417,54022,2323,944646924,14600
25727,51,246393067,3390656759,37527,2323,4228479496,14600
25912,52,3147180473,3390656927,44423,2323,1493839726,14600
5754,50,1451218274,3390657314,52773,2323,1645385620,14600
39250,49,1318076259,3390657837,50916,2323,3917093427,14600
49513,48,1740864801,3390657990,55956,2323,2205245792,14600
20032,51,1953059660,3390657990,44364,2323,1036399930,14600
9262,49,3695562921,3390658258,51421,2323,2327067536,5840
42039,47,1432908406,3390658279,37193,2323,1950789893,14600
60944,52,2458345687,3390656997,37576,2323,887168807,14600
21965,49,3375540197,3390657293,48738,2323,3347856797,4380
2696,52,3699184085,3390657476,34696,2323,2416166891,14600
31165,50,2343217540,3390657499,42745,2323,480467138,5808
